{
    "money": 31722,
    "listLevelsDataSave": [
        {
            "level": 1,
            "rating": 5,
            "pricePerVisit": 20,
            "countLockers": 0,
            "listObjectsDataSave": [
                {
                    "position": {
                        "x": -26.053691864013673,
                        "y": 0.000011444091796875,
                        "z": 29.955114364624025
                    },
                    "rotation": {
                        "x": 0.0,
                        "y": 0.0,
                        "z": 0.0,
                        "w": 1.0
                    },
                    "indexInBuildingManagerList": 0
                },
                {
                    "position": {
                        "x": -37.65563201904297,
                        "y": 0.000011444091796875,
                        "z": 38.948402404785159
                    },
                    "rotation": {
                        "x": 4.470348002882929e-8,
                        "y": -0.7071067690849304,
                        "z": 0.0,
                        "w": 0.7071068286895752
                    },
                    "indexInBuildingManagerList": 2
                },
                {
                    "position": {
                        "x": -36.488582611083987,
                        "y": 0.00005340576171875,
                        "z": 44.50914764404297
                    },
                    "rotation": {
                        "x": 2.9802322387695315e-8,
                        "y": -0.7071067690849304,
                        "z": 1.4901161193847657e-8,
                        "w": 0.7071068286895752
                    },
                    "indexInBuildingManagerList": 3
                }
            ]
        }
    ]
}