{
    "listLevelsDataSave": [
        {
            "level": 1,
            "listObjectsDataSave": [
                {
                    "position": {
                        "x": -38.46949005126953,
                        "y": 0.0000286102294921875,
                        "z": 34.54750061035156
                    },
                    "rotation": {
                        "x": 4.470348002882929e-8,
                        "y": -0.7071067690849304,
                        "z": 0.0,
                        "w": 0.7071068286895752
                    },
                    "indexInBuildingManagerList": 1
                },
                {
                    "position": {
                        "x": -25.021305084228517,
                        "y": 0.000125885009765625,
                        "z": 28.990901947021486
                    },
                    "rotation": {
                        "x": 0.0,
                        "y": 0.0,
                        "z": 0.0,
                        "w": 1.0
                    },
                    "indexInBuildingManagerList": 0
                },
                {
                    "position": {
                        "x": -38.51346206665039,
                        "y": 0.0000019073486328125,
                        "z": 39.119895935058597
                    },
                    "rotation": {
                        "x": 4.470348002882929e-8,
                        "y": -0.7071067690849304,
                        "z": 0.0,
                        "w": 0.7071068286895752
                    },
                    "indexInBuildingManagerList": 1
                },
                {
                    "position": {
                        "x": -34.42897415161133,
                        "y": 0.00006103515625,
                        "z": 45.47000503540039
                    },
                    "rotation": {
                        "x": 7.450580596923828e-9,
                        "y": -0.7071071863174439,
                        "z": -4.470348358154297e-8,
                        "w": -0.7071064710617065
                    },
                    "indexInBuildingManagerList": 5
                }
            ]
        }
    ]
}