{
    "listLevelsDataSave": [
        {
            "level": 1,
            "listObjectsDataSave": [
                {
                    "position": {
                        "x": -25.88187026977539,
                        "y": 0.0000019073486328125,
                        "z": 30.607330322265626
                    },
                    "rotation": {
                        "x": 0.0,
                        "y": 0.0,
                        "z": 0.0,
                        "w": 1.0
                    },
                    "indexInBuildingManagerList": 0
                },
                {
                    "position": {
                        "x": -16.099102020263673,
                        "y": 0.0000019073486328125,
                        "z": 51.305442810058597
                    },
                    "rotation": {
                        "x": 0.0,
                        "y": 0.7071068286895752,
                        "z": 5.960463766996327e-8,
                        "w": 0.7071067690849304
                    },
                    "indexInBuildingManagerList": 4
                },
                {
                    "position": {
                        "x": -39.391971588134769,
                        "y": 0.0004062652587890625,
                        "z": 55.58501434326172
                    },
                    "rotation": {
                        "x": -1.4901161193847657e-8,
                        "y": 0.7071068286895752,
                        "z": 2.9802322387695315e-8,
                        "w": 0.7071067690849304
                    },
                    "indexInBuildingManagerList": 6
                },
                {
                    "position": {
                        "x": -33.55181884765625,
                        "y": 0.00005340576171875,
                        "z": 42.34110641479492
                    },
                    "rotation": {
                        "x": 4.470348002882929e-8,
                        "y": -0.7071067690849304,
                        "z": 0.0,
                        "w": 0.7071068286895752
                    },
                    "indexInBuildingManagerList": 3
                }
            ]
        }
    ]
}