{
    "money": 13749,
    "day": 21,
    "month": 0,
    "year": 0,
    "listLevelsDataSave": [
        {
            "level": 1,
            "rating": 5,
            "pricePerVisit": 0,
            "listObjectsDataSave": [
                {
                    "position": {
                        "x": -25.5386962890625,
                        "y": 0.00000762939453125,
                        "z": 28.47917938232422
                    },
                    "rotation": {
                        "x": 0.0,
                        "y": 0.0,
                        "z": 0.0,
                        "w": 1.0
                    },
                    "indexInBuildingManagerList": 0
                },
                {
                    "position": {
                        "x": -17.506505966186525,
                        "y": 0.0000152587890625,
                        "z": 32.117523193359378
                    },
                    "rotation": {
                        "x": 0.0,
                        "y": 1.0,
                        "z": 0.0,
                        "w": 0.0
                    },
                    "indexInBuildingManagerList": 1
                },
                {
                    "position": {
                        "x": -36.14530944824219,
                        "y": 0.000003814697265625,
                        "z": 32.35782241821289
                    },
                    "rotation": {
                        "x": 0.0,
                        "y": 1.0,
                        "z": 0.0,
                        "w": 0.0
                    },
                    "indexInBuildingManagerList": 1
                }
            ]
        }
    ]
}