{
    "listLevelsDataSave": [
        {
            "level": 1,
            "listObjectsDataSave": [
                {
                    "position": {
                        "x": -27.014698028564454,
                        "y": 0.0000591278076171875,
                        "z": 44.98960876464844
                    },
                    "rotation": {
                        "x": -1.4901161193847657e-8,
                        "y": 0.7071068286895752,
                        "z": 2.9802322387695315e-8,
                        "w": 0.7071067690849304
                    },
                    "indexInBuildingManagerList": 4
                },
                {
                    "position": {
                        "x": -24.817726135253908,
                        "y": 0.0000019073486328125,
                        "z": 53.15920639038086
                    },
                    "rotation": {
                        "x": 0.0,
                        "y": 0.7071068286895752,
                        "z": 5.960463766996327e-8,
                        "w": 0.7071067690849304
                    },
                    "indexInBuildingManagerList": 5
                },
                {
                    "position": {
                        "x": -16.59998893737793,
                        "y": 0.0000438690185546875,
                        "z": 43.32770538330078
                    },
                    "rotation": {
                        "x": 1.4901161193847657e-8,
                        "y": -0.7071067690849304,
                        "z": 4.470348358154297e-8,
                        "w": 0.7071068286895752
                    },
                    "indexInBuildingManagerList": 1
                },
                {
                    "position": {
                        "x": -22.799110412597658,
                        "y": 0.00000762939453125,
                        "z": 47.220191955566409
                    },
                    "rotation": {
                        "x": -2.9802322387695315e-8,
                        "y": 0.7071068286895752,
                        "z": 2.9802322387695315e-8,
                        "w": 0.7071067690849304
                    },
                    "indexInBuildingManagerList": 4
                }
            ]
        }
    ]
}