{
    "money": 55154,
    "day": 18,
    "month": 11,
    "year": 3,
    "listLevelsDataSave": [
        {
            "level": 1,
            "rating": 5,
            "pricePerVisit": 100,
            "pricePerMonth": 300,
            "pricePerSixMonth": 710,
            "pricePerYear": 900,
            "numberReceptionists": 1,
            "numberJanitor": 2,
            "numberTrainer": 1,
            "numberEngineer": 0,
            "listObjectsDataSave": [
                {
                    "position": {
                        "x": -25.530128479003908,
                        "y": 0.0000095367431640625,
                        "z": 28.83096694946289
                    },
                    "rotation": {
                        "x": 0.0,
                        "y": 0.0,
                        "z": 0.0,
                        "w": 1.0
                    },
                    "indexInBuildingManagerList": 0
                },
                {
                    "position": {
                        "x": -35.97964859008789,
                        "y": 0.0000019073486328125,
                        "z": 31.691123962402345
                    },
                    "rotation": {
                        "x": 0.0,
                        "y": 1.0,
                        "z": 0.0,
                        "w": 0.0
                    },
                    "indexInBuildingManagerList": 1
                },
                {
                    "position": {
                        "x": -38.52830123901367,
                        "y": 0.0,
                        "z": 37.298194885253909
                    },
                    "rotation": {
                        "x": 4.470348002882929e-8,
                        "y": -0.7071067690849304,
                        "z": 0.0,
                        "w": 0.7071068286895752
                    },
                    "indexInBuildingManagerList": 3
                },
                {
                    "position": {
                        "x": -37.79202651977539,
                        "y": 0.000003814697265625,
                        "z": 39.393760681152347
                    },
                    "rotation": {
                        "x": 4.470348002882929e-8,
                        "y": -0.7071067690849304,
                        "z": 0.0,
                        "w": 0.7071068286895752
                    },
                    "indexInBuildingManagerList": 4
                },
                {
                    "position": {
                        "x": -38.41499710083008,
                        "y": 0.000003814697265625,
                        "z": 42.39551544189453
                    },
                    "rotation": {
                        "x": 0.0,
                        "y": 0.7071068286895752,
                        "z": 5.960463766996327e-8,
                        "w": 0.7071067690849304
                    },
                    "indexInBuildingManagerList": 7
                },
                {
                    "position": {
                        "x": -37.565486907958987,
                        "y": 0.000003814697265625,
                        "z": 46.19029998779297
                    },
                    "rotation": {
                        "x": 0.0,
                        "y": 0.7071068286895752,
                        "z": 5.960463766996327e-8,
                        "w": 0.7071067690849304
                    },
                    "indexInBuildingManagerList": 6
                },
                {
                    "position": {
                        "x": -37.78337097167969,
                        "y": 0.000003814697265625,
                        "z": 52.68638610839844
                    },
                    "rotation": {
                        "x": 0.0,
                        "y": 0.7071068286895752,
                        "z": 5.960463766996327e-8,
                        "w": 0.7071067690849304
                    },
                    "indexInBuildingManagerList": 9
                },
                {
                    "position": {
                        "x": -31.844253540039064,
                        "y": 0.0000209808349609375,
                        "z": 42.34307861328125
                    },
                    "rotation": {
                        "x": 0.0,
                        "y": 0.7071068286895752,
                        "z": 5.960463766996327e-8,
                        "w": 0.7071067690849304
                    },
                    "indexInBuildingManagerList": 12
                },
                {
                    "position": {
                        "x": -31.288253784179689,
                        "y": 0.00006866455078125,
                        "z": 44.752784729003909
                    },
                    "rotation": {
                        "x": 0.0,
                        "y": 0.7071068286895752,
                        "z": 5.960463766996327e-8,
                        "w": 0.7071067690849304
                    },
                    "indexInBuildingManagerList": 13
                },
                {
                    "position": {
                        "x": -30.584564208984376,
                        "y": 0.00014495849609375,
                        "z": 36.95753860473633
                    },
                    "rotation": {
                        "x": 2.2351741790771486e-8,
                        "y": -0.7071069478988648,
                        "z": -7.450580596923828e-8,
                        "w": -0.7071066498756409
                    },
                    "indexInBuildingManagerList": 8
                },
                {
                    "position": {
                        "x": -17.26620101928711,
                        "y": 0.000293731689453125,
                        "z": 31.328083038330079
                    },
                    "rotation": {
                        "x": 0.0,
                        "y": 1.0,
                        "z": 0.0,
                        "w": 0.0
                    },
                    "indexInBuildingManagerList": 1
                },
                {
                    "position": {
                        "x": -35.76760482788086,
                        "y": 0.000003814697265625,
                        "z": 28.410303115844728
                    },
                    "rotation": {
                        "x": 0.0,
                        "y": 1.0,
                        "z": 0.0,
                        "w": 0.0
                    },
                    "indexInBuildingManagerList": 1
                }
            ]
        }
    ]
}