{
    "listLevelsDataSave": [
        {
            "level": 1,
            "listObjectsDataSave": [
                {
                    "position": {
                        "x": -38.46949005126953,
                        "y": 0.0000286102294921875,
                        "z": 34.54750061035156
                    },
                    "rotation": {
                        "x": 4.470348002882929e-8,
                        "y": -0.7071067690849304,
                        "z": 0.0,
                        "w": 0.7071068286895752
                    },
                    "indexInBuildingManagerList": 1
                },
                {
                    "position": {
                        "x": -25.021305084228517,
                        "y": 0.000125885009765625,
                        "z": 28.990901947021486
                    },
                    "rotation": {
                        "x": 0.0,
                        "y": 0.0,
                        "z": 0.0,
                        "w": 1.0
                    },
                    "indexInBuildingManagerList": 0
                },
                {
                    "position": {
                        "x": -19.339256286621095,
                        "y": 0.000026702880859375,
                        "z": 55.42464065551758
                    },
                    "rotation": {
                        "x": -1.4901161193847657e-8,
                        "y": 0.7071068286895752,
                        "z": 2.9802322387695315e-8,
                        "w": 0.7071067690849304
                    },
                    "indexInBuildingManagerList": 5
                }
            ]
        }
    ]
}