{
    "listLevelsDataSave": [
        {
            "level": 1,
            "listObjectsDataSave": [
                {
                    "position": {
                        "x": -27.63259506225586,
                        "y": 0.000003814697265625,
                        "z": 50.138450622558597
                    },
                    "rotation": {
                        "x": -1.4901161193847657e-8,
                        "y": 0.7071068286895752,
                        "z": 4.470348358154297e-8,
                        "w": 0.7071067094802856
                    },
                    "indexInBuildingManagerList": 4
                },
                {
                    "position": {
                        "x": -17.334829330444337,
                        "y": 0.000041961669921875,
                        "z": 42.86137771606445
                    },
                    "rotation": {
                        "x": 2.9802322387695315e-8,
                        "y": -0.7071067690849304,
                        "z": 2.2351741790771486e-8,
                        "w": 0.7071068286895752
                    },
                    "indexInBuildingManagerList": 1
                },
                {
                    "position": {
                        "x": -27.014698028564454,
                        "y": 0.0000591278076171875,
                        "z": 44.98960876464844
                    },
                    "rotation": {
                        "x": -1.4901161193847657e-8,
                        "y": 0.7071068286895752,
                        "z": 2.9802322387695315e-8,
                        "w": 0.7071067690849304
                    },
                    "indexInBuildingManagerList": 4
                },
                {
                    "position": {
                        "x": -24.817726135253908,
                        "y": 0.0000019073486328125,
                        "z": 53.15920639038086
                    },
                    "rotation": {
                        "x": 0.0,
                        "y": 0.7071068286895752,
                        "z": 5.960463766996327e-8,
                        "w": 0.7071067690849304
                    },
                    "indexInBuildingManagerList": 5
                }
            ]
        }
    ]
}