{
    "listLevelsDataSave": [
        {
            "level": 1,
            "listObjectsDataSave": [
                {
                    "position": {
                        "x": -28.113033294677736,
                        "y": 0.000003814697265625,
                        "z": 46.568572998046878
                    },
                    "rotation": {
                        "x": -5.21540641784668e-8,
                        "y": 0.7071068286895752,
                        "z": 0.0,
                        "w": 0.7071067690849304
                    },
                    "indexInBuildingManagerList": 5
                },
                {
                    "position": {
                        "x": -25.332767486572267,
                        "y": 0.0000133514404296875,
                        "z": 48.593841552734378
                    },
                    "rotation": {
                        "x": -5.215405707303944e-8,
                        "y": 1.0,
                        "z": 1.4901159417490817e-8,
                        "w": -2.682208730675484e-7
                    },
                    "indexInBuildingManagerList": 6
                },
                {
                    "position": {
                        "x": -29.485958099365236,
                        "y": 0.0000057220458984375,
                        "z": 43.547813415527347
                    },
                    "rotation": {
                        "x": 0.0,
                        "y": 0.0,
                        "z": 0.0,
                        "w": 1.0
                    },
                    "indexInBuildingManagerList": 0
                }
            ]
        }
    ]
}